CaseID,Activity,Timestamp,Lifecycle
0,Registration,0.0,START
0,Registration,1.8799381953523178,COMPLETE
0,Payment,1.8799381953523178,START
1,Registration,2.7061099220457496,START
0,Payment,3.691248718346432,COMPLETE
0,Measure Vital Signs,3.691248718346432,START
1,Registration,4.406958607878391,COMPLETE
1,Payment,4.406958607878391,START
2,Registration,4.491710104522639,START
0,Measure Vital Signs,5.464403206465307,COMPLETE
0,General Medicine Examination,5.464403206465307,START
1,Payment,6.279816603702293,COMPLETE
1,Measure Vital Signs,6.279816603702293,START
2,Registration,6.582556407389442,COMPLETE
2,Payment,6.582556407389442,START
3,Registration,7.009410310105802,START
1,Measure Vital Signs,8.25895628088055,COMPLETE
1,General Medicine Examination,8.25895628088055,START
0,General Medicine Examination,8.4139978489905,COMPLETE
0,ENT Examination,8.4139978489905,START
2,Payment,8.480920323830107,COMPLETE
2,Measure Vital Signs,8.480920323830107,START
3,Registration,8.939380256139918,COMPLETE
3,Payment,8.939380256139918,START
4,Registration,9.404990192052772,START
2,Measure Vital Signs,10.42959888096253,COMPLETE
2,General Medicine Examination,10.42959888096253,START
3,Payment,10.878310044968048,COMPLETE
3,Measure Vital Signs,10.878310044968048,START
1,General Medicine Examination,10.993538467890682,COMPLETE
1,ENT Examination,10.993538467890682,START
0,ENT Examination,11.085275196172846,COMPLETE
0,Dental Examination,11.085275196172846,START
4,Registration,11.510905462326832,COMPLETE
4,Payment,11.510905462326832,START
5,Registration,12.696450070863289,START
3,Measure Vital Signs,13.18555792625046,COMPLETE
3,General Medicine Examination,13.18555792625046,START
2,General Medicine Examination,13.451744423376006,COMPLETE
2,ENT Examination,13.451744423376006,START
4,Payment,13.561515022784704,COMPLETE
4,Measure Vital Signs,13.561515022784704,START
1,ENT Examination,13.6317319661573,COMPLETE
1,Eye Examination,13.6317319661573,START
0,Dental Examination,14.334806022438773,COMPLETE
0,Eye Examination,14.334806022438773,START
5,Registration,14.41754426052494,COMPLETE
5,Payment,14.41754426052494,START
6,Registration,15.135109215358952,START
7,Registration,15.605306248266434,START
4,Measure Vital Signs,15.746344557164644,COMPLETE
4,General Medicine Examination,15.746344557164644,START
3,General Medicine Examination,15.990634164098491,COMPLETE
3,ENT Examination,15.990634164098491,START
5,Payment,16.35922583344105,COMPLETE
5,Measure Vital Signs,16.35922583344105,START
1,Eye Examination,16.554886706199095,COMPLETE
1,Dental Examination,16.554886706199095,START
2,ENT Examination,16.948591599254442,COMPLETE
2,Eye Examination,16.948591599254442,START
6,Registration,17.027398289830984,COMPLETE
6,Payment,17.027398289830984,START
8,Registration,17.13304595869626,START
0,Eye Examination,17.42264667210957,COMPLETE
0,Chest X-ray,17.42264667210957,START
7,Registration,17.4851981846427,COMPLETE
7,Payment,17.4851981846427,START
9,Registration,17.75628762488308,START
5,Measure Vital Signs,18.41981446526566,COMPLETE
5,General Medicine Examination,18.41981446526566,START
4,General Medicine Examination,18.723256467713217,COMPLETE
4,ENT Examination,18.723256467713217,START
6,Payment,18.728749550549793,COMPLETE
6,Measure Vital Signs,18.728749550549793,START
8,Registration,18.992881502738303,COMPLETE
8,Payment,18.992881502738303,START
7,Payment,19.40252596762981,COMPLETE
7,Measure Vital Signs,19.40252596762981,START
3,ENT Examination,19.50378263825322,COMPLETE
3,Dental Examination,19.50378263825322,START
1,Dental Examination,19.678359960583187,COMPLETE
1,Urine Test,19.678359960583187,START
2,Eye Examination,19.7546884002935,COMPLETE
2,Dental Examination,19.7546884002935,START
9,Registration,19.81822342752426,COMPLETE
9,Payment,19.81822342752426,START
0,Chest X-ray,20.724292337568105,COMPLETE
0,Urine Test,20.724292337568105,START
6,Measure Vital Signs,20.754100118323088,COMPLETE
6,General Medicine Examination,20.754100118323088,START
8,Payment,20.882842387561308,COMPLETE
8,Measure Vital Signs,20.882842387561308,START
5,General Medicine Examination,21.14054417252441,COMPLETE
5,Eye Examination,21.14054417252441,START
7,Measure Vital Signs,21.437926895869516,COMPLETE
7,General Medicine Examination,21.437926895869516,START
4,ENT Examination,21.54464916525278,COMPLETE
4,Breast Examination,21.54464916525278,START
9,Payment,22.007398692479562,COMPLETE
9,Measure Vital Signs,22.007398692479562,START
10,Registration,22.076431136055323,START
3,Dental Examination,22.414309267797456,COMPLETE
3,Eye Examination,22.414309267797456,START
8,Measure Vital Signs,22.850389921053097,COMPLETE
8,General Medicine Examination,22.850389921053097,START
2,Dental Examination,22.93535935696868,COMPLETE
2,General Ultrasound,22.93535935696868,START
6,General Medicine Examination,23.96718558298141,COMPLETE
6,Gynecological Examination,23.96718558298141,START
5,Eye Examination,24.06688290794642,COMPLETE
5,Breast Examination,24.06688290794642,START
10,Registration,24.09150322816972,COMPLETE
10,Payment,24.09150322816972,START
9,Measure Vital Signs,24.311196202056276,COMPLETE
9,General Medicine Examination,24.311196202056276,START
11,Registration,24.366018179043696,START
7,General Medicine Examination,24.49851950661721,COMPLETE
7,Dental Examination,24.49851950661721,START
1,Urine Test,24.687932066869024,COMPLETE
1,General Ultrasound,24.687932066869024,START
3,Eye Examination,25.606131717598235,COMPLETE
3,Urine Test,25.606131717598235,START
8,General Medicine Examination,25.745290255042026,COMPLETE
8,Breast Examination,25.745290255042026,START
0,Urine Test,25.861096000345906,COMPLETE
0,Blood Test,25.861096000345906,START
10,Payment,25.98182115086887,COMPLETE
10,Measure Vital Signs,25.98182115086887,START
11,Registration,26.275052696959676,COMPLETE
11,Payment,26.275052696959676,START
4,Breast Examination,26.57420014041854,COMPLETE
4,Dental Examination,26.57420014041854,START
9,General Medicine Examination,27.311547973005457,COMPLETE
9,Dental Examination,27.311547973005457,START
7,Dental Examination,27.503134988027668,COMPLETE
7,Eye Examination,27.503134988027668,START
10,Measure Vital Signs,27.97723716795627,COMPLETE
10,General Medicine Examination,27.97723716795627,START
11,Payment,28.064255424484113,COMPLETE
11,Measure Vital Signs,28.064255424484113,START
12,Registration,28.454453788139105,START
5,Breast Examination,29.568591708702833,COMPLETE
5,ENT Examination,29.568591708702833,START
4,Dental Examination,29.826061060653068,COMPLETE
4,Gynecological Examination,29.826061060653068,START
11,Measure Vital Signs,29.829812377408842,COMPLETE
11,General Medicine Examination,29.829812377408842,START
9,Dental Examination,30.107355750624947,COMPLETE
9,Breast Examination,30.107355750624947,START
12,Registration,30.46775749160841,COMPLETE
12,Payment,30.46775749160841,START
6,Gynecological Examination,30.4960887188659,COMPLETE
6,ENT Examination,30.4960887188659,START
3,Urine Test,30.646318225423453,COMPLETE
3,Chest X-ray,30.646318225423453,START
7,Eye Examination,30.80676851122388,COMPLETE
7,ENT Examination,30.80676851122388,START
2,General Ultrasound,30.827337266800395,COMPLETE
2,Chest X-ray,30.827337266800395,START
0,Blood Test,30.965489596237752,COMPLETE
0,Cardiac Ultrasound,30.965489596237752,START
10,General Medicine Examination,31.381798176489767,COMPLETE
10,Eye Examination,31.381798176489767,START
1,General Ultrasound,31.972543311978498,COMPLETE
1,Blood Test,31.972543311978498,START
8,Breast Examination,32.081700146150894,COMPLETE
8,ENT Examination,32.081700146150894,START
5,ENT Examination,32.27263422947884,COMPLETE
5,Dental Examination,32.27263422947884,START
11,General Medicine Examination,32.5746187150266,COMPLETE
11,Eye Examination,32.5746187150266,START
12,Payment,32.71693414381602,COMPLETE
12,Measure Vital Signs,32.71693414381602,START
6,ENT Examination,33.64147158371784,COMPLETE
6,Dental Examination,33.64147158371784,START
10,Eye Examination,33.996504127396975,COMPLETE
10,Dental Examination,33.996504127396975,START
2,Chest X-ray,34.15849184828433,COMPLETE
2,Blood Test,34.15849184828433,START
3,Chest X-ray,34.18722115947128,COMPLETE
3,Cardiac Ultrasound,34.18722115947128,START
7,ENT Examination,34.74458840982486,COMPLETE
7,Chest X-ray,34.74458840982486,START
12,Measure Vital Signs,34.94296404340207,COMPLETE
12,General Medicine Examination,34.94296404340207,START
11,Eye Examination,35.380621281944634,COMPLETE
11,Dental Examination,35.380621281944634,START
5,Dental Examination,35.41399001171837,COMPLETE
5,Cardiac Ultrasound,35.41399001171837,START
9,Breast Examination,35.840383489921535,COMPLETE
9,Eye Examination,35.840383489921535,START
13,Registration,36.08647027024589,START
8,ENT Examination,36.26734166123992,COMPLETE
8,Eye Examination,36.26734166123992,START
6,Dental Examination,36.45543213346343,COMPLETE
6,Eye Examination,36.45543213346343,START
1,Blood Test,37.06513901229421,COMPLETE
1,Chest X-ray,37.06513901229421,START
14,Registration,37.14547577815845,START
15,Registration,37.570847803467096,START
12,General Medicine Examination,37.76124387141786,COMPLETE
12,Eye Examination,37.76124387141786,START
7,Chest X-ray,37.792204836389736,COMPLETE
7,Cardiac Ultrasound,37.792204836389736,START
16,Registration,37.976275230731304,START
0,Cardiac Ultrasound,38.15259917110362,COMPLETE
0,General Ultrasound,38.15259917110362,START
10,Dental Examination,38.18425361827531,COMPLETE
10,ENT Examination,38.18425361827531,START
13,Registration,38.27773062254635,COMPLETE
13,Payment,38.27773062254635,START
4,Gynecological Examination,38.904395689068515,COMPLETE
4,Eye Examination,38.904395689068515,START
9,Eye Examination,38.944871209196386,COMPLETE
9,Gynecological Examination,38.944871209196386,START
11,Dental Examination,39.064336717748816,COMPLETE
11,ENT Examination,39.064336717748816,START
14,Registration,39.160263422763805,COMPLETE
14,Payment,39.160263422763805,START
2,Blood Test,39.19852719413789,COMPLETE
2,Cardiac Ultrasound,39.19852719413789,START
8,Eye Examination,39.3823906060304,COMPLETE
8,Gynecological Examination,39.3823906060304,START
15,Registration,39.55560874468685,COMPLETE
15,Payment,39.55560874468685,START
16,Registration,39.9928539743984,COMPLETE
16,Payment,39.9928539743984,START
17,Registration,40.08821372668157,START
13,Payment,40.27194523433063,COMPLETE
13,Measure Vital Signs,40.27194523433063,START
1,Chest X-ray,40.286228215167,COMPLETE
1,Cardiac Ultrasound,40.286228215167,START
18,Registration,40.509403625624095,START
19,Registration,40.61228989424787,START
10,ENT Examination,40.93029407780976,COMPLETE
10,Urine Test,40.93029407780976,START
14,Payment,41.051579365710786,COMPLETE
14,Measure Vital Signs,41.051579365710786,START
17,Registration,41.95215365828067,COMPLETE
17,Payment,41.95215365828067,START
15,Payment,42.00874674544193,COMPLETE
15,Measure Vital Signs,42.00874674544193,START
6,Eye Examination,42.27984076409167,COMPLETE
6,Breast Examination,42.27984076409167,START
12,Eye Examination,42.33426503913354,COMPLETE
12,ENT Examination,42.33426503913354,START
19,Registration,42.37240132068892,COMPLETE
19,Payment,42.37240132068892,START
13,Measure Vital Signs,42.38114615801245,COMPLETE
13,General Medicine Examination,42.38114615801245,START
18,Registration,42.50000870172381,COMPLETE
18,Payment,42.50000870172381,START
11,ENT Examination,42.56148909999032,COMPLETE
11,Chest X-ray,42.56148909999032,START
16,Payment,42.799049621288795,COMPLETE
16,Measure Vital Signs,42.799049621288795,START
3,Cardiac Ultrasound,43.2126194815874,COMPLETE
3,General Ultrasound,43.2126194815874,START
14,Measure Vital Signs,43.241298944916174,COMPLETE
14,General Medicine Examination,43.241298944916174,START
17,Payment,43.96820213408126,COMPLETE
17,Measure Vital Signs,43.96820213408126,START
15,Measure Vital Signs,44.272038152856496,COMPLETE
15,General Medicine Examination,44.272038152856496,START
19,Payment,44.68791814258034,COMPLETE
19,Measure Vital Signs,44.68791814258034,START
16,Measure Vital Signs,44.87395319240399,COMPLETE
16,General Medicine Examination,44.87395319240399,START
12,ENT Examination,45.28366647619193,COMPLETE
12,Dental Examination,45.28366647619193,START
10,Urine Test,45.300486818699675,COMPLETE
10,General Ultrasound,45.300486818699675,START
4,Eye Examination,45.3292244924516,COMPLETE
4,Urine Test,45.3292244924516,START
13,General Medicine Examination,45.43364643042318,COMPLETE
13,Eye Examination,45.43364643042318,START
11,Chest X-ray,45.438758718867575,COMPLETE
11,General Ultrasound,45.438758718867575,START
18,Payment,45.878039293788746,COMPLETE
18,Measure Vital Signs,45.878039293788746,START
17,Measure Vital Signs,45.88628498933598,COMPLETE
17,General Medicine Examination,45.88628498933598,START
9,Gynecological Examination,46.26298997143568,COMPLETE
9,ENT Examination,46.26298997143568,START
14,General Medicine Examination,46.35510655555902,COMPLETE
14,Dental Examination,46.35510655555902,START
19,Measure Vital Signs,46.44027888764878,COMPLETE
19,General Medicine Examination,46.44027888764878,START
6,Breast Examination,46.561768635324945,COMPLETE
6,Chest X-ray,46.561768635324945,START
0,General Ultrasound,47.138595061183835,COMPLETE
0,Conclusion,47.138595061183835,START
5,Cardiac Ultrasound,47.354178334923986,COMPLETE
5,Urine Test,47.354178334923986,START
15,General Medicine Examination,47.44935911923686,COMPLETE
15,Dental Examination,47.44935911923686,START
16,General Medicine Examination,47.84837949427863,COMPLETE
16,Dental Examination,47.84837949427863,START
18,Measure Vital Signs,47.8524976537735,COMPLETE
18,General Medicine Examination,47.8524976537735,START
12,Dental Examination,47.91333519237186,COMPLETE
12,Breast Examination,47.91333519237186,START
8,Gynecological Examination,48.51491474697619,COMPLETE
8,Dental Examination,48.51491474697619,START
13,Eye Examination,48.73881524921751,COMPLETE
13,Gynecological Examination,48.73881524921751,START
17,General Medicine Examination,48.91280171392887,COMPLETE
17,Dental Examination,48.91280171392887,START
9,ENT Examination,49.33422536532317,COMPLETE
9,Blood Test,49.33422536532317,START
14,Dental Examination,49.37272978633967,COMPLETE
14,ENT Examination,49.37272978633967,START
6,Chest X-ray,49.42604517100598,COMPLETE
6,General Ultrasound,49.42604517100598,START
19,General Medicine Examination,49.55126100113854,COMPLETE
19,Dental Examination,49.55126100113854,START
0,Conclusion,50.24629421289651,COMPLETE
18,General Medicine Examination,50.587045849162436,COMPLETE
18,Dental Examination,50.587045849162436,START
7,Cardiac Ultrasound,50.71809317073298,COMPLETE
7,Blood Test,50.71809317073298,START
4,Urine Test,50.96387364188111,COMPLETE
4,Chest X-ray,50.96387364188111,START
15,Dental Examination,50.97992866397327,COMPLETE
15,Eye Examination,50.97992866397327,START
3,General Ultrasound,51.036144520205,COMPLETE
3,Blood Test,51.036144520205,START
14,ENT Examination,51.95089394798649,COMPLETE
14,Eye Examination,51.95089394798649,START
16,Dental Examination,52.622202504017736,COMPLETE
16,Eye Examination,52.622202504017736,START
5,Urine Test,52.88452464763027,COMPLETE
5,Blood Test,52.88452464763027,START
11,General Ultrasound,53.04670550702891,COMPLETE
11,Blood Test,53.04670550702891,START
12,Breast Examination,53.16181963982328,COMPLETE
12,Urine Test,53.16181963982328,START
10,General Ultrasound,53.309930197113914,COMPLETE
10,Chest X-ray,53.309930197113914,START
8,Dental Examination,53.612685144555684,COMPLETE
8,Chest X-ray,53.612685144555684,START
9,Blood Test,53.763872820134054,COMPLETE
9,Chest X-ray,53.763872820134054,START
4,Chest X-ray,54.00160408253952,COMPLETE
4,Cardiac Ultrasound,54.00160408253952,START
15,Eye Examination,54.28981937969595,COMPLETE
15,ENT Examination,54.28981937969595,START
2,Cardiac Ultrasound,54.91782154399371,COMPLETE
2,Urine Test,54.91782154399371,START
14,Eye Examination,55.00263022300795,COMPLETE
14,General Ultrasound,55.00263022300795,START
17,Dental Examination,55.578481600581824,COMPLETE
17,ENT Examination,55.578481600581824,START
7,Blood Test,55.77118284881901,COMPLETE
7,Urine Test,55.77118284881901,START
10,Chest X-ray,55.98198057407319,COMPLETE
10,Cardiac Ultrasound,55.98198057407319,START
3,Blood Test,56.08282431083725,COMPLETE
3,Conclusion,56.08282431083725,START
13,Gynecological Examination,56.74749327597064,COMPLETE
13,Dental Examination,56.74749327597064,START
19,Dental Examination,56.923854718604275,COMPLETE
19,Eye Examination,56.923854718604275,START
8,Chest X-ray,57.17689698349754,COMPLETE
8,Cardiac Ultrasound,57.17689698349754,START
16,Eye Examination,57.577595263520365,COMPLETE
16,ENT Examination,57.577595263520365,START
5,Blood Test,57.669710421737435,COMPLETE
5,Chest X-ray,57.669710421737435,START
15,ENT Examination,57.75893142650809,COMPLETE
15,Urine Test,57.75893142650809,START
6,General Ultrasound,57.94351592052842,COMPLETE
6,Cardiac Ultrasound,57.94351592052842,START
12,Urine Test,58.36440718482972,COMPLETE
12,General Ultrasound,58.36440718482972,START
11,Blood Test,58.59709375568443,COMPLETE
11,Urine Test,58.59709375568443,START
9,Chest X-ray,58.72053994397177,COMPLETE
9,General Ultrasound,58.72053994397177,START
18,Dental Examination,58.801134678022144,COMPLETE
18,Breast Examination,58.801134678022144,START
17,ENT Examination,58.865633555087214,COMPLETE
17,Breast Examination,58.865633555087214,START
2,Urine Test,59.140470873200826,COMPLETE
2,Conclusion,59.140470873200826,START
1,Cardiac Ultrasound,59.167051143151625,COMPLETE
1,Conclusion,59.167051143151625,START
3,Conclusion,59.21905744641153,COMPLETE
19,Eye Examination,59.72404501912751,COMPLETE
19,ENT Examination,59.72404501912751,START
13,Dental Examination,60.20477344520078,COMPLETE
13,Breast Examination,60.20477344520078,START
16,ENT Examination,60.55956212177267,COMPLETE
16,General Ultrasound,60.55956212177267,START
5,Chest X-ray,60.91024720289512,COMPLETE
5,General Ultrasound,60.91024720289512,START
19,ENT Examination,62.290012431875766,COMPLETE
19,Cardiac Ultrasound,62.290012431875766,START
2,Conclusion,62.594486079252974,COMPLETE
1,Conclusion,62.602809575174206,COMPLETE
7,Urine Test,63.25711764020121,COMPLETE
7,General Ultrasound,63.25711764020121,START
14,General Ultrasound,63.54708243170519,COMPLETE
14,Urine Test,63.54708243170519,START
15,Urine Test,63.62076609876824,COMPLETE
15,Chest X-ray,63.62076609876824,START
18,Breast Examination,63.69520221949769,COMPLETE
18,Eye Examination,63.69520221949769,START
4,Cardiac Ultrasound,63.73862385911279,COMPLETE
4,General Ultrasound,63.73862385911279,START
17,Breast Examination,64.51702816305982,COMPLETE
17,Eye Examination,64.51702816305982,START
12,General Ultrasound,65.95874703279503,COMPLETE
12,Cardiac Ultrasound,65.95874703279503,START
18,Eye Examination,66.31965966315003,COMPLETE
18,ENT Examination,66.31965966315003,START
9,General Ultrasound,66.46138601302806,COMPLETE
9,Cardiac Ultrasound,66.46138601302806,START
10,Cardiac Ultrasound,66.52322435905083,COMPLETE
10,Blood Test,66.52322435905083,START
15,Chest X-ray,66.98927985546065,COMPLETE
15,Cardiac Ultrasound,66.98927985546065,START
17,Eye Examination,67.66783229194127,COMPLETE
17,Urine Test,67.66783229194127,START
14,Urine Test,67.67892584805638,COMPLETE
14,Chest X-ray,67.67892584805638,START
11,Urine Test,68.13483676764999,COMPLETE
11,Cardiac Ultrasound,68.13483676764999,START
13,Breast Examination,68.54869090926606,COMPLETE
13,ENT Examination,68.54869090926606,START
16,General Ultrasound,68.9806434267567,COMPLETE
16,Chest X-ray,68.9806434267567,START
18,ENT Examination,69.20427465620878,COMPLETE
18,Chest X-ray,69.20427465620878,START
14,Chest X-ray,70.61964215214373,COMPLETE
14,Cardiac Ultrasound,70.61964215214373,START
5,General Ultrasound,71.0890891004377,COMPLETE
5,Conclusion,71.0890891004377,START
13,ENT Examination,71.40319929878778,COMPLETE
13,Urine Test,71.40319929878778,START
8,Cardiac Ultrasound,71.94957947498592,COMPLETE
8,General Ultrasound,71.94957947498592,START
10,Blood Test,72.17786562014354,COMPLETE
10,Conclusion,72.17786562014354,START
16,Chest X-ray,72.18789204965391,COMPLETE
16,Cardiac Ultrasound,72.18789204965391,START
17,Urine Test,72.75059967139842,COMPLETE
17,Cardiac Ultrasound,72.75059967139842,START
18,Chest X-ray,73.59825385007062,COMPLETE
18,Blood Test,73.59825385007062,START
7,General Ultrasound,73.97018391496199,COMPLETE
7,Conclusion,73.97018391496199,START
5,Conclusion,74.05331871282921,COMPLETE
6,Cardiac Ultrasound,74.39042755865111,COMPLETE
6,Urine Test,74.39042755865111,START
4,General Ultrasound,74.55095292469015,COMPLETE
4,Blood Test,74.55095292469015,START
10,Conclusion,75.18720958414539,COMPLETE
13,Urine Test,76.41443643224656,COMPLETE
13,Chest X-ray,76.41443643224656,START
7,Conclusion,77.14688668963365,COMPLETE
4,Blood Test,78.85497173362394,COMPLETE
4,Conclusion,78.85497173362394,START
18,Blood Test,78.99563201929557,COMPLETE
18,General Ultrasound,78.99563201929557,START
8,General Ultrasound,79.00848246331776,COMPLETE
8,Blood Test,79.00848246331776,START
6,Urine Test,79.02150589408433,COMPLETE
6,Blood Test,79.02150589408433,START
19,Cardiac Ultrasound,79.28168459166217,COMPLETE
19,Urine Test,79.28168459166217,START
13,Chest X-ray,79.48539698249228,COMPLETE
13,Blood Test,79.48539698249228,START
12,Cardiac Ultrasound,81.86288278377994,COMPLETE
12,Blood Test,81.86288278377994,START
4,Conclusion,82.04669771299581,COMPLETE
6,Blood Test,84.01586716546454,COMPLETE
6,Conclusion,84.01586716546454,START
8,Blood Test,84.2579438773663,COMPLETE
8,Urine Test,84.2579438773663,START
19,Urine Test,84.4912700334467,COMPLETE
19,Blood Test,84.4912700334467,START
13,Blood Test,84.81969495720968,COMPLETE
13,Cardiac Ultrasound,84.81969495720968,START
9,Cardiac Ultrasound,86.55091717668614,COMPLETE
9,Urine Test,86.55091717668614,START
18,General Ultrasound,86.85231934892686,COMPLETE
18,Cardiac Ultrasound,86.85231934892686,START
6,Conclusion,87.02674033728532,COMPLETE
12,Blood Test,87.57293810726229,COMPLETE
12,Chest X-ray,87.57293810726229,START
15,Cardiac Ultrasound,89.21185054421095,COMPLETE
15,General Ultrasound,89.21185054421095,START
8,Urine Test,89.31709935677152,COMPLETE
8,Conclusion,89.31709935677152,START
19,Blood Test,89.44674041547869,COMPLETE
19,Chest X-ray,89.44674041547869,START
12,Chest X-ray,90.9008900128524,COMPLETE
12,Conclusion,90.9008900128524,START
9,Urine Test,92.08492560124822,COMPLETE
9,Conclusion,92.08492560124822,START
8,Conclusion,92.57754270353996,COMPLETE
19,Chest X-ray,92.63611388527632,COMPLETE
19,General Ultrasound,92.63611388527632,START
12,Conclusion,93.91380898372282,COMPLETE
9,Conclusion,95.16652312693591,COMPLETE
11,Cardiac Ultrasound,95.64515319539542,COMPLETE
11,Conclusion,95.64515319539542,START
14,Cardiac Ultrasound,97.12986146548397,COMPLETE
14,Blood Test,97.12986146548397,START
15,General Ultrasound,97.68450727212503,COMPLETE
15,Blood Test,97.68450727212503,START
11,Conclusion,98.45604901694942,COMPLETE
19,General Ultrasound,100.5368296070292,COMPLETE
19,Conclusion,100.5368296070292,START
14,Blood Test,102.17085387689924,COMPLETE
14,Conclusion,102.17085387689924,START
15,Blood Test,102.23374430294703,COMPLETE
15,Conclusion,102.23374430294703,START
19,Conclusion,103.46198235676071,COMPLETE
16,Cardiac Ultrasound,104.0340998095237,COMPLETE
16,Urine Test,104.0340998095237,START
17,Cardiac Ultrasound,104.80928047046399,COMPLETE
17,General Ultrasound,104.80928047046399,START
14,Conclusion,104.90254619205825,COMPLETE
15,Conclusion,105.0262313365116,COMPLETE
16,Urine Test,109.07765968123957,COMPLETE
16,Blood Test,109.07765968123957,START
18,Cardiac Ultrasound,111.77390462703892,COMPLETE
18,Urine Test,111.77390462703892,START
13,Cardiac Ultrasound,111.87871352006812,COMPLETE
13,General Ultrasound,111.87871352006812,START
17,General Ultrasound,113.48429549059853,COMPLETE
17,Chest X-ray,113.48429549059853,START
16,Blood Test,114.64139938815796,COMPLETE
16,Conclusion,114.64139938815796,START
17,Chest X-ray,116.3479776120008,COMPLETE
17,Blood Test,116.3479776120008,START
18,Urine Test,117.23861411209201,COMPLETE
18,Conclusion,117.23861411209201,START
16,Conclusion,117.57129596920551,COMPLETE
13,General Ultrasound,119.84144709643155,COMPLETE
13,Conclusion,119.84144709643155,START
18,Conclusion,120.401506029056,COMPLETE
17,Blood Test,121.38695791148497,COMPLETE
17,Conclusion,121.38695791148497,START
13,Conclusion,123.06184873378719,COMPLETE
17,Conclusion,124.71570926195362,COMPLETE
